sentido,fecha,clp_final_min,origen_dato
ida SCL-RIO,2027-01-05,182263,cal
ida SCL-RIO,2027-01-06,129988,buscado
ida SCL-RIO,2027-01-07,168807,cal
ida SCL-RIO,2027-01-12,187624,cal
ida SCL-RIO,2027-01-13,179920,buscado
ida SCL-RIO,2027-01-14,187624,cal
ida SCL-RIO,2027-01-20,148850,buscado
ida SCL-RIO,2027-01-21,170416,cal
ida SCL-RIO,2027-01-22,129988,buscado
ida SCL-RIO,2027-01-23,170416,cal
vuelta RIO-SCL,2027-01-15,157705,cal
vuelta RIO-SCL,2027-01-16,169915,buscado
vuelta RIO-SCL,2027-01-17,209193,cal
vuelta RIO-SCL,2027-01-24,201490,cal
vuelta RIO-SCL,2027-01-25,157705,buscado
vuelta RIO-SCL,2027-01-26,168134,cal
vuelta RIO-SCL,2027-01-31,195840,cal
vuelta RIO-SCL,2027-02-01,119931,buscado
vuelta RIO-SCL,2027-02-02,156732,cal
vuelta RIO-SCL,2027-02-07,117873,cal
vuelta RIO-SCL,2027-02-08,119973,buscado
vuelta RIO-SCL,2027-02-09,123269,cal

COMBO,ida,vuelta,clp_pp,nota
2027-01-22,2027-02-07,247861,16 noches (incluye Carnaval en Río)
2027-01-22,2027-02-01,249919,10 noches ★ GANADOR
2027-01-06,2027-02-01,249919,26 noches
2027-01-22,2027-02-08,249961,17 noches (Carnaval)
2027-01-20,2027-02-01,268781,12 noches
2027-01-06,2027-01-25,287693,19 noches
2027-01-06,2027-01-16,299903,10 noches
2027-01-13,2027-01-25,337625,12 noches
