fecha,vuelo,hora,mejor_precio_clp,buckets_disponibles
2027-01-01,JA762,04:46,118921,U:CLP118921
2027-01-01,JA752,05:31,173426,S:CLP173426
2027-01-01,JA720,06:54,203156,P:CLP203156
2027-01-01,JA754,07:11,134777,X:CLP134777
2027-01-01,JA711,07:23,212075,O:CLP212075
2027-01-02,JA762,04:46,203156,P:CLP203156
2027-01-02,JA752,05:31,118921,U:CLP118921
2027-01-02,JA754,07:11,182345,R:CLP182345
2027-01-02,JA711,07:23,311175,I:CLP311175
2027-01-02,JA750,13:31,118921,U:CLP118921
2027-01-03,JA762,04:46,221985,N:CLP221985
2027-01-03,JA752,05:31,250724,L:CLP250724
2027-01-03,JA720,06:54,404330,F:CLP404330
2027-01-03,JA754,07:11,203156,P:CLP203156
2027-01-03,JA711,07:23,334960,H:CLP334960
2027-01-04,JA762,04:46,234868,M:CLP234868
2027-01-04,JA752,05:31,250724,L:CLP250724
2027-01-04,JA720,06:54,203156,P:CLP203156
2027-01-04,JA754,07:11,212075,O:CLP212075
2027-01-04,JA711,07:23,334960,H:CLP334960
2027-01-05,JA762,04:46,167480,T:CLP167480
2027-01-05,JA752,05:31,167480,T:CLP167480
2027-01-05,JA720,06:54,192255,Q:CLP192255
2027-01-05,JA754,07:11,182345,R:CLP182345
2027-01-05,JA711,07:23,311175,I:CLP311175
2027-01-06,JA762,04:46,167480,T:CLP167480
2027-01-06,JA752,05:31,167480,T:CLP167480
2027-01-06,JA720,06:54,192255,Q:CLP192255
2027-01-06,JA754,07:11,182345,R:CLP182345
2027-01-06,JA711,07:23,250724,L:CLP250724
2027-01-07,JA762,04:46,173426,S:CLP173426
2027-01-07,JA752,05:31,173426,S:CLP173426
2027-01-07,JA711,07:23,234868,M:CLP234868
2027-01-07,JA750,13:31,167480,T:CLP167480
2027-01-08,JA762,04:46,167480,T:CLP167480
2027-01-08,JA752,05:31,167480,T:CLP167480
2027-01-08,JA720,06:54,334960,H:CLP334960
2027-01-08,JA711,07:23,268562,K:CLP268562
2027-01-09,JA762,04:46,167480,T:CLP167480
2027-01-09,JA752,05:31,167480,T:CLP167480
2027-01-09,JA711,07:23,250724,L:CLP250724
2027-01-09,JA750,13:31,167480,T:CLP167480
2027-01-10,JA762,04:46,167480,T:CLP167480
2027-01-10,JA752,05:31,167480,T:CLP167480
2027-01-10,JA720,06:54,234868,M:CLP234868
2027-01-10,JA711,07:23,221985,N:CLP221985
2027-01-11,JA762,04:46,203156,P:CLP203156
2027-01-11,JA752,05:31,250724,L:CLP250724
2027-01-11,JA720,06:54,234868,M:CLP234868
2027-01-11,JA711,07:23,234868,M:CLP234868
2027-01-12,JA762,04:46,182345,R:CLP182345
2027-01-12,JA752,05:31,167480,T:CLP167480
2027-01-12,JA720,06:54,203156,P:CLP203156
2027-01-12,JA711,07:23,221985,N:CLP221985
2027-01-13,JA762,04:46,173426,S:CLP173426
2027-01-13,JA752,05:31,173426,S:CLP173426
2027-01-13,JA720,06:54,250724,L:CLP250724
2027-01-13,JA711,07:23,212075,O:CLP212075
2027-01-14,JA762,04:46,173426,S:CLP173426
2027-01-14,JA752,05:31,173426,S:CLP173426
2027-01-14,JA711,07:23,212075,O:CLP212075
2027-01-14,JA750,13:31,167480,T:CLP167480
2027-01-15,JA762,04:46,173426,S:CLP173426
2027-01-15,JA752,05:31,203156,P:CLP203156
2027-01-15,JA720,06:54,203156,P:CLP203156
2027-01-15,JA711,07:23,221985,N:CLP221985
2027-01-16,JA762,04:46,182345,R:CLP182345
2027-01-16,JA752,05:31,212075,O:CLP212075
2027-01-16,JA711,07:23,221985,N:CLP221985
2027-01-16,JA750,13:31,182345,R:CLP182345
2027-01-17,JA762,04:46,182345,R:CLP182345
2027-01-17,JA752,05:31,203156,P:CLP203156
2027-01-17,JA720,06:54,250724,L:CLP250724
2027-01-17,JA711,07:23,250724,L:CLP250724
2027-01-18,JA762,04:46,221985,N:CLP221985
2027-01-18,JA752,05:31,221985,N:CLP221985
2027-01-18,JA720,06:54,234868,M:CLP234868
2027-01-18,JA711,07:23,234868,M:CLP234868
2027-01-19,JA762,04:46,173426,S:CLP173426
2027-01-19,JA752,05:31,167480,T:CLP167480
2027-01-19,JA720,06:54,203156,P:CLP203156
2027-01-19,JA711,07:23,212075,O:CLP212075
2027-01-20,JA762,04:46,167480,T:CLP167480
2027-01-20,JA752,05:31,167480,T:CLP167480
2027-01-20,JA720,06:54,203156,P:CLP203156
2027-01-20,JA711,07:23,212075,O:CLP212075
2027-01-21,JA762,04:46,167480,T:CLP167480
2027-01-21,JA752,05:31,167480,T:CLP167480
2027-01-21,JA711,07:23,203156,P:CLP203156
2027-01-21,JA750,13:31,167480,T:CLP167480
2027-01-22,JA762,04:46,167480,T:CLP167480
2027-01-22,JA752,05:31,167480,T:CLP167480
2027-01-22,JA720,06:54,234868,M:CLP234868
2027-01-22,JA711,07:23,203156,P:CLP203156
2027-01-23,JA762,04:46,203156,P:CLP203156
2027-01-23,JA752,05:31,203156,P:CLP203156
2027-01-23,JA711,07:23,234868,M:CLP234868
2027-01-23,JA750,13:31,173426,S:CLP173426
2027-01-24,JA762,04:46,167480,T:CLP167480
2027-01-24,JA752,05:31,173426,S:CLP173426
2027-01-24,JA720,06:54,182345,R:CLP182345
2027-01-24,JA711,07:23,192255,Q:CLP192255
2027-01-25,JA762,04:46,167480,T:CLP167480
2027-01-25,JA752,05:31,173426,S:CLP173426
2027-01-25,JA720,06:54,203156,P:CLP203156
2027-01-25,JA711,07:23,221985,N:CLP221985
2027-01-26,JA762,04:46,167480,T:CLP167480
2027-01-26,JA752,05:31,173426,S:CLP173426
2027-01-26,JA720,06:54,167480,T:CLP167480
2027-01-26,JA711,07:23,203156,P:CLP203156
2027-01-27,JA762,04:46,173426,S:CLP173426
2027-01-27,JA752,05:31,173426,S:CLP173426
2027-01-27,JA720,06:54,203156,P:CLP203156
2027-01-27,JA711,07:23,173426,S:CLP173426
2027-01-28,JA762,04:46,173426,S:CLP173426
2027-01-28,JA752,05:31,221985,N:CLP221985
2027-01-28,JA711,07:23,192255,Q:CLP192255
2027-01-28,JA750,13:31,173426,S:CLP173426
2027-01-29,JA762,04:46,173426,S:CLP173426
2027-01-29,JA752,05:31,250724,L:CLP250724
2027-01-29,JA720,06:54,221985,N:CLP221985
2027-01-29,JA711,07:23,182345,R:CLP182345
2027-01-30,JA762,04:46,203156,P:CLP203156
2027-01-30,JA752,05:31,203156,P:CLP203156
2027-01-30,JA711,07:23,212075,O:CLP212075
2027-01-30,JA750,13:31,250724,L:CLP250724
2027-01-31,JA762,04:46,234868,M:CLP234868
2027-01-31,JA752,05:31,221985,N:CLP221985
2027-01-31,JA720,06:54,221985,N:CLP221985
2027-01-31,JA711,07:23,212075,O:CLP212075
2027-02-01,JA762,04:46,250724,L:CLP250724
2027-02-01,JA752,05:31,250724,L:CLP250724
2027-02-01,JA720,06:54,192255,Q:CLP192255
2027-02-01,JA754,07:11,221985,N:CLP221985
2027-02-01,JA711,07:23,192255,Q:CLP192255
2027-02-01,JA758,16:11,212075,O:CLP212075
2027-02-02,JA762,04:46,250724,L:CLP250724
2027-02-02,JA752,05:31,250724,L:CLP250724
2027-02-02,JA720,06:54,192255,Q:CLP192255
2027-02-02,JA754,07:11,173426,S:CLP173426
2027-02-02,JA711,07:23,118921,U:CLP118921
2027-02-02,JA758,16:11,173426,S:CLP173426
2027-02-03,JA762,04:46,212075,O:CLP212075
2027-02-03,JA752,05:31,203156,P:CLP203156
2027-02-03,JA720,06:54,173426,S:CLP173426
2027-02-03,JA754,07:11,212075,O:CLP212075
2027-02-03,JA711,07:23,173426,S:CLP173426
2027-02-03,JA758,16:11,212075,O:CLP212075
2027-02-04,JA762,04:46,212075,O:CLP212075
2027-02-04,JA752,05:31,173426,S:CLP173426
2027-02-04,JA754,07:11,203156,P:CLP203156
2027-02-04,JA711,07:23,404330,F:CLP404330
2027-02-04,JA750,13:31,203156,P:CLP203156
2027-02-04,JA758,16:11,212075,O:CLP212075
2027-02-05,JA762,04:46,167480,T:CLP167480
2027-02-05,JA752,05:31,167480,T:CLP167480
2027-02-05,JA720,06:54,212075,O:CLP212075
2027-02-05,JA754,07:11,167480,T:CLP167480
2027-02-05,JA711,07:23,203156,P:CLP203156
2027-02-05,JA758,16:11,173426,S:CLP173426
2027-02-06,JA762,04:46,167480,T:CLP167480
2027-02-06,JA752,05:31,167480,T:CLP167480
2027-02-06,JA754,07:11,167480,T:CLP167480
2027-02-06,JA711,07:23,212075,O:CLP212075
2027-02-06,JA750,13:31,167480,T:CLP167480
2027-02-06,JA758,16:11,167480,T:CLP167480
2027-02-07,JA762,04:46,167480,T:CLP167480
2027-02-07,JA752,05:31,192255,Q:CLP192255
2027-02-07,JA720,06:54,192255,Q:CLP192255
2027-02-07,JA754,07:11,167480,T:CLP167480
2027-02-07,JA711,07:23,192255,Q:CLP192255
2027-02-07,JA758,16:11,167480,T:CLP167480
2027-02-08,JA762,04:46,173426,S:CLP173426
2027-02-08,JA752,05:31,173426,S:CLP173426
2027-02-08,JA720,06:54,182345,R:CLP182345
2027-02-08,JA754,07:11,173426,S:CLP173426
2027-02-08,JA711,07:23,192255,Q:CLP192255
2027-02-08,JA758,16:11,173426,S:CLP173426
2027-02-09,JA762,04:46,173426,S:CLP173426
2027-02-09,JA752,05:31,167480,T:CLP167480
2027-02-09,JA720,06:54,173426,S:CLP173426
2027-02-09,JA754,07:11,173426,S:CLP173426
2027-02-09,JA711,07:23,192255,Q:CLP192255
2027-02-09,JA758,16:11,167480,T:CLP167480
2027-02-10,JA762,04:46,203156,P:CLP203156
2027-02-10,JA752,05:31,203156,P:CLP203156
2027-02-10,JA720,06:54,192255,Q:CLP192255
2027-02-10,JA754,07:11,212075,O:CLP212075
2027-02-10,JA711,07:23,203156,P:CLP203156
2027-02-10,JA758,16:11,250724,L:CLP250724
2027-02-11,JA762,04:46,203156,P:CLP203156
2027-02-11,JA752,05:31,250724,L:CLP250724
2027-02-11,JA754,07:11,221985,N:CLP221985
2027-02-11,JA711,07:23,288382,J:CLP288382
2027-02-11,JA750,13:31,173426,S:CLP173426
2027-02-11,JA758,16:11,167480,T:CLP167480
2027-02-12,JA762,04:46,221985,N:CLP221985
2027-02-12,JA752,05:31,203156,P:CLP203156
2027-02-12,JA720,06:54,203156,P:CLP203156
2027-02-12,JA754,07:11,250724,L:CLP250724
2027-02-12,JA711,07:23,192255,Q:CLP192255
2027-02-12,JA758,16:11,212075,O:CLP212075
2027-02-13,JA762,04:46,203156,P:CLP203156
2027-02-13,JA752,05:31,212075,O:CLP212075
2027-02-13,JA754,07:11,173426,S:CLP173426
2027-02-13,JA711,07:23,203156,P:CLP203156
2027-02-13,JA750,13:31,173426,S:CLP173426
2027-02-13,JA758,16:11,173426,S:CLP173426
2027-02-14,JA762,04:46,250724,L:CLP250724
2027-02-14,JA752,05:31,221985,N:CLP221985
2027-02-14,JA720,06:54,182345,R:CLP182345
2027-02-14,JA754,07:11,192255,Q:CLP192255
2027-02-14,JA711,07:23,192255,Q:CLP192255
2027-02-14,JA758,16:11,167480,T:CLP167480
2027-02-15,JA762,04:46,221985,N:CLP221985
2027-02-15,JA752,05:31,221985,N:CLP221985
2027-02-15,JA720,06:54,192255,Q:CLP192255
2027-02-15,JA754,07:11,221985,N:CLP221985
2027-02-15,JA711,07:23,212075,O:CLP212075
2027-02-15,JA758,16:11,173426,S:CLP173426
2027-02-16,JA762,04:46,221985,N:CLP221985
2027-02-16,JA752,05:31,221985,N:CLP221985
2027-02-16,JA720,06:54,182345,R:CLP182345
2027-02-16,JA754,07:11,192255,Q:CLP192255
2027-02-16,JA711,07:23,203156,P:CLP203156
2027-02-16,JA758,16:11,173426,S:CLP173426
2027-02-17,JA762,04:46,221985,N:CLP221985
2027-02-17,JA752,05:31,221985,N:CLP221985
2027-02-17,JA720,06:54,167480,T:CLP167480
2027-02-17,JA754,07:11,173426,S:CLP173426
2027-02-17,JA711,07:23,203156,P:CLP203156
2027-02-17,JA758,16:11,203156,P:CLP203156
2027-02-18,JA762,04:46,173426,S:CLP173426
2027-02-18,JA752,05:31,173426,S:CLP173426
2027-02-18,JA754,07:11,167480,T:CLP167480
2027-02-18,JA711,07:23,250724,L:CLP250724
2027-02-18,JA750,13:31,167480,T:CLP167480
2027-02-18,JA758,16:11,173426,S:CLP173426
2027-02-19,JA762,04:46,167480,T:CLP167480
2027-02-19,JA752,05:31,167480,T:CLP167480
2027-02-19,JA720,06:54,192255,Q:CLP192255
2027-02-19,JA754,07:11,173426,S:CLP173426
2027-02-19,JA711,07:23,192255,Q:CLP192255
2027-02-19,JA758,16:11,167480,T:CLP167480
2027-02-20,JA762,04:46,167480,T:CLP167480
2027-02-20,JA752,05:31,167480,T:CLP167480
2027-02-20,JA754,07:11,167480,T:CLP167480
2027-02-20,JA711,07:23,203156,P:CLP203156
2027-02-20,JA750,13:31,167480,T:CLP167480
2027-02-20,JA758,16:11,167480,T:CLP167480
2027-02-21,JA762,04:46,167480,T:CLP167480
2027-02-21,JA752,05:31,167480,T:CLP167480
2027-02-21,JA720,06:54,173426,S:CLP173426
2027-02-21,JA754,07:11,167480,T:CLP167480
2027-02-21,JA711,07:23,192255,Q:CLP192255
2027-02-21,JA758,16:11,167480,T:CLP167480
2027-02-22,JA762,04:46,167480,T:CLP167480
2027-02-22,JA752,05:31,167480,T:CLP167480
2027-02-22,JA720,06:54,167480,T:CLP167480
2027-02-22,JA754,07:11,167480,T:CLP167480
2027-02-22,JA711,07:23,118921,U:CLP118921
2027-02-22,JA758,16:11,167480,T:CLP167480
2027-02-23,JA762,04:46,167480,T:CLP167480
2027-02-23,JA752,05:31,167480,T:CLP167480
2027-02-23,JA720,06:54,173426,S:CLP173426
2027-02-23,JA754,07:11,167480,T:CLP167480
2027-02-23,JA711,07:23,118921,U:CLP118921
2027-02-23,JA758,16:11,118921,U:CLP118921
2027-02-24,JA762,04:46,167480,T:CLP167480
2027-02-24,JA752,05:31,118921,U:CLP118921
2027-02-24,JA720,06:54,173426,S:CLP173426
2027-02-24,JA754,07:11,167480,T:CLP167480
2027-02-24,JA711,07:23,118921,U:CLP118921
2027-02-24,JA758,16:11,134777,X:CLP134777
2027-02-25,JA762,04:46,118921,U:CLP118921
2027-02-25,JA752,05:31,118921,U:CLP118921
2027-02-25,JA754,07:11,167480,T:CLP167480
2027-02-25,JA711,07:23,192255,Q:CLP192255
2027-02-25,JA750,13:31,167480,T:CLP167480
2027-02-25,JA758,16:11,118921,U:CLP118921
2027-02-26,JA762,04:46,118921,U:CLP118921
2027-02-26,JA752,05:31,118921,U:CLP118921
2027-02-26,JA720,06:54,192255,Q:CLP192255
2027-02-26,JA754,07:11,118921,U:CLP118921
2027-02-26,JA711,07:23,118921,U:CLP118921
2027-02-26,JA758,16:11,118921,U:CLP118921
2027-02-27,JA762,04:46,167480,T:CLP167480
2027-02-27,JA752,05:31,167480,T:CLP167480
2027-02-27,JA754,07:11,118921,U:CLP118921
2027-02-27,JA711,07:23,118921,U:CLP118921
2027-02-27,JA750,13:31,123876,W:CLP123876
2027-02-27,JA758,16:11,134777,X:CLP134777
