ida,vuelta,noches,clp
2027-01-02,2027-01-14,12,264536.0
2027-01-22,2027-02-02,11,276284.0
2027-01-06,2027-01-18,12,320339.0
2027-01-19,2027-01-29,10,320339.0
2027-01-20,2027-01-29,9,320339.0
2027-01-22,2027-02-03,12,320339.0
2027-01-24,2027-02-04,11,320339.0
2027-01-25,2027-02-05,11,320339.0
2027-02-08,2027-02-20,12,320339.0
2027-01-04,2027-01-15,11,324229.0
2027-01-05,2027-01-15,10,324229.0
2027-01-08,2027-01-18,10,324229.0
2027-01-08,2027-01-19,11,324229.0
2027-01-13,2027-01-22,9,324229.0
2027-01-15,2027-01-25,10,324229.0
2027-01-21,2027-02-01,11,324229.0
2027-01-21,2027-02-02,12,324229.0
2027-01-23,2027-02-04,12,324229.0
2027-01-24,2027-02-03,10,324229.0
2027-01-27,2027-02-08,12,324229.0
2027-02-08,2027-02-18,10,324229.0
2027-01-05,2027-01-16,11,328171.0
2027-01-08,2027-01-20,12,328171.0
2027-01-12,2027-01-24,12,328171.0
2027-01-31,2027-02-09,9,339919.0
2027-01-01,2027-01-13,12,344049.0
2027-01-09,2027-01-20,11,383974.0
2027-01-12,2027-01-21,9,383974.0
2027-01-14,2027-01-24,10,383974.0
2027-01-14,2027-01-26,12,383974.0
2027-01-15,2027-01-27,12,383974.0
2027-01-16,2027-01-26,10,383974.0
2027-01-17,2027-01-28,11,383974.0
2027-01-19,2027-01-30,11,383974.0
2027-01-19,2027-01-31,12,383974.0
2027-01-20,2027-01-31,11,383974.0
2027-01-22,2027-02-01,10,383974.0
2027-01-25,2027-02-04,10,383974.0
2027-01-25,2027-02-06,12,383974.0
2027-01-26,2027-02-04,9,383974.0
2027-01-26,2027-02-07,12,383974.0
2027-01-28,2027-02-09,12,383974.0
2027-01-28,2027-02-08,11,383974.0
2027-01-29,2027-02-08,10,383974.0
2027-01-29,2027-02-10,12,383974.0
2027-01-31,2027-02-10,10,383974.0
2027-02-02,2027-02-14,12,383974.0
2027-02-03,2027-02-15,12,383974.0
2027-02-04,2027-02-13,9,383974.0
2027-02-05,2027-02-16,11,383974.0
2027-02-13,2027-02-25,12,383974.0
2027-02-14,2027-02-25,11,383974.0
2027-01-01,2027-01-11,10,388644.0
2027-01-01,2027-01-12,11,388644.0
2027-01-02,2027-01-11,9,388644.0
2027-01-04,2027-01-14,10,388644.0
2027-01-04,2027-01-13,9,388644.0
2027-01-06,2027-01-15,9,388644.0
2027-01-07,2027-01-16,9,388644.0
2027-01-07,2027-01-18,11,388644.0
2027-01-07,2027-01-19,12,388644.0
2027-01-08,2027-01-17,9,388644.0
2027-01-09,2027-01-18,9,388644.0
2027-01-12,2027-01-22,10,388644.0
2027-01-13,2027-01-25,12,388644.0
2027-01-13,2027-01-24,11,388644.0
2027-01-15,2027-01-26,11,388644.0
2027-01-17,2027-01-27,10,388644.0
2027-01-17,2027-01-29,12,388644.0
2027-01-19,2027-01-28,9,388644.0
2027-01-21,2027-01-30,9,388644.0
2027-01-21,2027-01-31,10,388644.0
2027-01-22,2027-01-31,9,388644.0
2027-01-23,2027-02-03,11,388644.0
2027-01-23,2027-02-02,10,388644.0
2027-01-25,2027-02-03,9,388644.0
2027-01-27,2027-02-06,10,388644.0
2027-01-27,2027-02-07,11,388644.0
2027-01-28,2027-02-07,10,388644.0
2027-01-30,2027-02-08,9,388644.0
2027-01-30,2027-02-09,10,388644.0
2027-02-04,2027-02-14,10,388644.0
2027-02-05,2027-02-15,10,388644.0
2027-02-05,2027-02-14,9,388644.0
2027-02-06,2027-02-15,9,388644.0
2027-02-06,2027-02-16,10,388644.0
2027-02-06,2027-02-18,12,388644.0
2027-02-07,2027-02-19,12,388644.0
2027-02-07,2027-02-18,11,388644.0
2027-02-08,2027-02-19,11,388644.0
2027-02-09,2027-02-20,11,388644.0
2027-02-09,2027-02-19,10,388644.0
2027-02-13,2027-02-22,9,388644.0
2027-02-11,2027-02-23,12,393764.0
2027-01-06,2027-01-17,11,398554.0
2027-01-07,2027-01-17,10,398554.0
2027-01-13,2027-01-23,10,398554.0
2027-02-06,2027-02-17,11,398554.0
2027-02-07,2027-02-17,10,398554.0
2027-02-07,2027-02-16,9,398554.0
2027-02-08,2027-02-17,9,398554.0
2027-02-09,2027-02-21,12,398554.0
2027-02-11,2027-02-21,10,398554.0
2027-02-13,2027-02-23,10,398554.0
2027-02-14,2027-02-23,9,398554.0
2027-02-01,2027-02-12,11,403554.0
2027-01-02,2027-01-13,11,447609.0
2027-01-03,2027-01-14,11,447609.0
2027-01-03,2027-01-12,9,447609.0
2027-01-05,2027-01-14,9,447609.0
2027-01-11,2027-01-20,9,447609.0
2027-01-18,2027-01-29,11,447609.0
2027-02-03,2027-02-12,9,447609.0
2027-02-03,2027-02-13,10,447609.0
2027-02-04,2027-02-15,11,447609.0
2027-02-12,2027-02-24,12,447609.0
2027-02-14,2027-02-26,12,447609.0
2027-02-02,2027-02-13,11,450239.0
2027-01-01,2027-01-10,9,453059.0
2027-01-03,2027-01-15,12,453059.0
2027-01-09,2027-01-19,10,453059.0
2027-01-14,2027-01-23,9,453059.0
2027-01-16,2027-01-27,11,453059.0
2027-01-16,2027-01-25,9,453059.0
2027-01-18,2027-01-28,10,453059.0
2027-01-18,2027-01-27,9,453059.0
2027-01-24,2027-02-02,9,453059.0
2027-01-27,2027-02-05,9,453059.0
2027-01-28,2027-02-06,9,453059.0
2027-01-29,2027-02-07,9,453059.0
2027-01-30,2027-02-10,11,453059.0
2027-01-31,2027-02-11,11,453059.0
2027-02-01,2027-02-11,10,453059.0
2027-02-02,2027-02-11,9,453059.0
2027-02-02,2027-02-12,10,453059.0
2027-02-03,2027-02-14,11,453059.0
2027-02-09,2027-02-18,9,453059.0
2027-02-10,2027-02-19,9,453059.0
2027-02-11,2027-02-20,9,453059.0
2027-02-12,2027-02-22,10,453059.0
2027-02-13,2027-02-24,11,453059.0
2027-02-14,2027-02-24,10,453059.0
2027-01-10,2027-01-21,11,457399.0
2027-01-10,2027-01-19,9,457399.0
2027-01-23,2027-02-01,9,457399.0
2027-01-29,2027-02-09,11,457399.0
2027-02-05,2027-02-17,12,457399.0
2027-02-12,2027-02-23,11,457399.0
2027-01-02,2027-01-12,10,462969.0
2027-01-03,2027-01-13,10,462969.0
2027-01-06,2027-01-16,10,462969.0
2027-01-12,2027-01-23,11,462969.0
2027-01-15,2027-01-24,9,462969.0
2027-01-17,2027-01-26,9,462969.0
2027-01-20,2027-01-30,10,462969.0
2027-02-01,2027-02-10,9,462969.0
2027-02-10,2027-02-20,10,462969.0
2027-02-11,2027-02-22,11,462969.0
2027-02-12,2027-02-21,9,462969.0
2027-01-14,2027-01-25,11,467189.0
2027-01-16,2027-01-28,12,467189.0
2027-02-01,2027-02-13,12,467189.0
2027-01-10,2027-01-20,10,472879.0
2027-01-11,2027-01-23,12,476979.0
2027-01-18,2027-01-30,12,482789.0
