ida,vuelta,aerolinea,codigo,clp_pp_rt,hora_salida,hora_llegada,avion
2027-01-12,2027-01-21,LATAM,LA 780,326211,12:35,16:50,Airbus A320
2027-01-12,2027-01-21,LATAM,LA 8107,326211,17:00,21:15,Airbus A320
2027-01-12,2027-01-21,JetSMART,JA 752,328193,05:31,09:45,Airbus A321
2027-01-12,2027-01-21,JetSMART,JA 762,351977,04:46,09:00,Airbus A321
2027-01-12,2027-01-21,LATAM,LA 778,388644,07:15,11:30,Airbus A320
2027-01-12,2027-01-21,LATAM,LA 776,411437,05:25,09:40,Airbus A320
2027-01-12,2027-01-21,LATAM,LA 784,502609,10:50,15:05,Airbus A320
2027-01-13,2027-01-22,LATAM,LA 8107,278140,17:00,21:15,Airbus A320
2027-01-13,2027-01-22,JetSMART,JA 762,284589,04:46,09:00,Airbus A321
2027-01-13,2027-01-22,JetSMART,JA 752,284589,05:31,09:45,Airbus A321
2027-01-13,2027-01-22,LATAM,LA 778,325220,07:15,11:30,Airbus A320
2027-01-13,2027-01-22,LATAM,LA 776,342555,05:25,09:40,Airbus A320
2027-01-13,2027-01-22,LATAM,LA 784,342555,10:50,15:05,Airbus A320
2027-01-13,2027-01-22,LATAM,LA 780,342555,12:35,16:50,Airbus A320
2027-01-14,2027-01-23,JetSMART,JA 750,322247,13:31,17:45,Airbus A320
2027-01-14,2027-01-23,LATAM,LA 780,324229,12:35,16:50,Airbus A320
2027-01-14,2027-01-23,LATAM,LA 772,324229,15:15,19:30,Airbus A320
2027-01-14,2027-01-23,LATAM,LA 8107,325220,17:00,21:15,Airbus A320
2027-01-14,2027-01-23,JetSMART,JA 762,328193,04:46,09:00,Airbus A321
2027-01-14,2027-01-23,JetSMART,JA 752,328193,05:31,09:45,Airbus A321
2027-01-14,2027-01-23,LATAM,LA 776,388644,05:25,09:40,Airbus A320
2027-01-14,2027-01-23,LATAM,LA 778,388644,07:15,11:30,Airbus A320
2027-01-14,2027-01-23,LATAM,LA 784,388644,10:50,15:05,Airbus A320
2027-01-20,2027-01-29,JetSMART,JA 762,322247,04:46,09:00,Airbus A321
2027-01-20,2027-01-29,JetSMART,JA 752,322247,05:31,09:45,Airbus A321
2027-01-20,2027-01-29,LATAM,LA 778,388644,07:15,11:30,Airbus A320
2027-01-20,2027-01-29,LATAM,LA 776,388644,05:25,09:40,Airbus A320
2027-01-20,2027-01-29,LATAM,LA 784,388644,10:50,15:05,Airbus A320
2027-01-20,2027-01-29,LATAM,LA 780,388644,12:35,16:50,Airbus A320
2027-01-20,2027-01-29,LATAM,LA 8107,388644,17:00,21:15,Airbus A320
2027-01-21,2027-01-30,LATAM,LA 780,333976,12:35,16:50,Airbus A320
2027-01-21,2027-01-30,JetSMART,JA 752,357923,05:31,09:45,Airbus A321
2027-01-21,2027-01-30,LATAM,LA 772,331994,15:15,19:30,Airbus A320
2027-01-21,2027-01-30,LATAM,LA 8107,331994,17:00,21:15,Airbus A320
2027-01-21,2027-01-30,JetSMART,JA 762,357923,04:46,09:00,Airbus A321
2027-01-21,2027-01-30,JetSMART,JA 750,357923,13:31,17:45,Airbus A320
2027-01-21,2027-01-30,LATAM,LA 776,396409,05:25,09:40,Airbus A320
2027-01-21,2027-01-30,LATAM,LA 784,396409,10:50,15:05,Airbus A320
2027-01-21,2027-01-30,LATAM,LA 778,453059,07:15,11:30,Airbus A320
2027-01-22,2027-01-31,JetSMART,JA 762,328902,04:46,09:00,Airbus A321
2027-01-22,2027-01-31,JetSMART,JA 752,328902,05:31,09:45,Airbus A321
2027-01-22,2027-01-31,LATAM,LA 8107,339499,17:00,21:15,Airbus A320
2027-01-22,2027-01-31,LATAM,LA 776,403914,05:25,09:40,Airbus A320
2027-01-22,2027-01-31,LATAM,LA 778,403914,07:15,11:30,Airbus A320
2027-01-22,2027-01-31,LATAM,LA 784,403914,10:50,15:05,Airbus A320
2027-01-22,2027-01-31,LATAM,LA 780,403914,12:35,16:50,Airbus A320
2027-01-25,2027-02-03,JetSMART,JA 762,273688,04:46,09:00,Airbus A321
2027-01-25,2027-02-03,JetSMART,JA 752,279634,05:31,09:45,Airbus A321
2027-01-25,2027-02-03,LATAM,LA 8107,333382,17:00,21:15,Airbus A320
2027-01-25,2027-02-03,LATAM,LA 772,396409,15:15,19:30,Airbus A320
2027-01-25,2027-02-03,LATAM,LA 778,397797,07:15,11:30,Airbus A320
2027-01-25,2027-02-03,LATAM,LA 784,460824,10:50,15:05,Airbus A320
2027-01-25,2027-02-03,LATAM,LA 780,460824,12:35,16:50,Airbus A320
2027-01-25,2027-02-03,LATAM,LA 776,486753,05:25,09:40,Airbus A320
2027-02-08,2027-02-17,JetSMART,JA 762,328193,04:46,09:00,Airbus A321
2027-02-08,2027-02-17,JetSMART,JA 752,328193,05:31,09:45,Airbus A321
2027-02-08,2027-02-17,JetSMART,JA 754,328193,07:11,11:25,Airbus A321
2027-02-08,2027-02-17,LATAM,LA 778,331994,07:15,11:30,Airbus A320
2027-02-08,2027-02-17,JetSMART,JA 758,328193,16:11,20:25,Airbus A321
2027-02-08,2027-02-17,LATAM,LA 776,390032,05:25,09:40,Airbus A320
2027-02-08,2027-02-17,LATAM,LA 780,390032,12:35,16:50,Airbus A320
2027-02-08,2027-02-17,LATAM,LA 772,390032,15:15,19:30,Airbus A320
2027-02-08,2027-02-17,LATAM,LA 8107,390032,17:00,21:15,Airbus A320
2027-02-08,2027-02-17,LATAM,LA 784,400933,10:50,15:05,Airbus A320
2027-02-09,2027-02-18,JetSMART,JA 752,322247,05:31,09:45,Airbus A321
2027-02-09,2027-02-18,LATAM,LA 8107,325617,17:00,21:15,Airbus A320
2027-02-09,2027-02-18,JetSMART,JA 758,322247,16:11,20:25,Airbus A321
2027-02-09,2027-02-18,JetSMART,JA 762,328193,04:46,09:00,Airbus A321
2027-02-09,2027-02-18,JetSMART,JA 754,328193,07:11,11:25,Airbus A321
2027-02-09,2027-02-18,LATAM,LA 776,391669,05:25,09:40,Airbus A320
2027-02-09,2027-02-18,LATAM,LA 778,391669,07:15,11:30,Airbus A320
2027-02-09,2027-02-18,LATAM,LA 780,433903,12:35,16:50,Airbus A320
2027-02-09,2027-02-18,LATAM,LA 784,450546,10:50,15:05,Airbus A320
2027-02-02,2027-02-11,JetSMART,JA 754,328193,07:11,11:25,Airbus A321
2027-02-02,2027-02-11,JetSMART,JA 758,328193,16:11,20:25,Airbus A321
2027-02-02,2027-02-11,JetSMART,JA 762,405491,04:46,09:00,Airbus A321
2027-02-02,2027-02-11,JetSMART,JA 752,405491,05:31,09:45,Airbus A321
2027-02-02,2027-02-11,LATAM,LA 8107,491545,17:00,21:15,Airbus A320
2027-02-02,2027-02-11,LATAM,LA 780,498662,12:35,16:50,Airbus A320
2027-02-02,2027-02-11,LATAM,LA 776,520284,05:25,09:40,Airbus A320
2027-02-02,2027-02-11,LATAM,LA 784,541095,10:50,15:05,Airbus A320
2027-02-02,2027-02-11,LATAM,LA 778,633421,07:15,11:30,Airbus A320
2027-02-05,2027-02-14,JetSMART,JA 762,332208,04:46,09:00,Airbus A321
2027-02-05,2027-02-14,JetSMART,JA 754,332208,07:11,11:25,Airbus A321
2027-02-05,2027-02-14,JetSMART,JA 752,338154,05:31,09:45,Airbus A321
2027-02-05,2027-02-14,JetSMART,JA 758,363869,16:11,20:25,Airbus A321
2027-02-05,2027-02-14,LATAM,LA 776,470908,05:25,09:40,Airbus A320
2027-02-05,2027-02-14,LATAM,LA 778,499050,07:15,11:30,Airbus A320
2027-02-05,2027-02-14,LATAM,LA 8107,548600,17:00,21:15,Airbus A320
2027-02-05,2027-02-14,LATAM,LA 784,642745,10:50,15:05,Airbus A320
2027-02-05,2027-02-14,LATAM,LA 780,642745,12:35,16:50,Airbus A320
2027-02-12,2027-02-21,JetSMART,JA 752,363869,05:31,09:45,Airbus A321
2027-02-12,2027-02-21,LATAM,LA 8107,407042,17:00,21:15,Airbus A320
2027-02-12,2027-02-21,JetSMART,JA 758,372788,16:11,20:25,Airbus A321
2027-02-12,2027-02-21,JetSMART,JA 762,382698,04:46,09:00,Airbus A321
2027-02-12,2027-02-21,JetSMART,JA 754,411437,07:11,11:25,Airbus A321
2027-02-12,2027-02-21,LATAM,LA 776,421907,05:25,09:40,Airbus A320
2027-02-12,2027-02-21,LATAM,LA 778,505151,07:15,11:30,Airbus A320
2027-02-12,2027-02-21,LATAM,LA 780,505151,12:35,16:50,Airbus A320
2027-02-12,2027-02-21,LATAM,LA 784,543800,10:50,15:05,Airbus A320
